Battery Power [uW] (Delta),Battery Power [uW] (Raw),CPU Load (Normalized) [%],Memory Usage [KB]
170381.6506661442,2484708.620689655,76.1440781739812,1610280.8152233544
