Battery Power [uW] (Delta),Battery Power [uW] (Raw),CPU Load (Normalized) [%],Memory Usage [KB]
723134.1449367088,2406491.455696203,71.67274525316455,1622429.9066108488
