Battery Power [uW] (Delta),Battery Power [uW] (Raw),CPU Load (Normalized) [%],Memory Usage [KB]
275689.9853976946,1883276.6501993928,59.795378552663,1601733.1007881537
