Battery Power [uW] (Delta),Battery Power [uW] (Raw),CPU Load (Normalized) [%],Memory Usage [KB]
149572.0148262061,2528020.3613887737,76.6446442302005,1606609.9518739772
