Battery Power [uW] (Delta),Battery Power [uW] (Raw),CPU Load (Normalized) [%],Memory Usage [KB]
73706.77193870596,1931873.469109601,67.47520380434783,1620094.832788162
