Battery Power [uW] (Delta),Battery Power [uW] (Raw),CPU Load (Normalized) [%],Memory Usage [KB]
300519.3401186437,2787730.130150983,79.61470051385831,1604333.764517985
